<Categories>
    <Category>
        <Name>Charts</Name>
        <Samples>
            <Sample>
                <Title>Bar Chart</Title>
                <Description>The sample demonstrates all major features of the BarChart control and lets you experiment with them.</Description>
                <Image>Resources/Images/Charting/bar_chart.png</Image>
                <Process os="windows">../samples/BarChart/run.bat</Process>
                <Process os="linux">../samples/BarChart/run.sh</Process>
                <Process os="macos">../samples/BarChart/run.command</Process>
                <Sources>
                    <Source language="Java">../samples.intellij/BarChart/</Source>
                </Sources>
            </Sample>
            <Sample>
                <Title>Bar Chart 3D</Title>
                <Description>A demonstration of the BarChart3D control with possibility to adjust its settings and see the result.</Description>
                <Image>Resources/Images/Charting/bar_chart_3d.png</Image>
                <Process os="windows">../samples/BarChart3D/run.bat</Process>
                <Process os="linux">../samples/BarChart3D/run.sh</Process>
                <Process os="macos">../samples/BarChart3D/run.command</Process>
                <Sources>
                    <Source language="Java">../samples.intellij/BarChart3D/</Source>
                </Sources>
            </Sample>
            <Sample>
                <Title>Bubble Chart</Title>
                <Description>The sample demonstrates the major properties of the BubbleChart control and lets you change them interactively.</Description>
                <Image>Resources/Images/Charting/bubble_chart.png</Image>
                <Process os="windows">../samples/BubbleChart/run.bat</Process>
                <Process os="linux">../samples/BubbleChart/run.sh</Process>
                <Process os="macos">../samples/BubbleChart/run.command</Process>
                <Sources>
                    <Source language="Java">../samples.intellij/BubbleChart/</Source>
                </Sources>
            </Sample>
            <Sample>
                <Title>Candlestick Chart</Title>
                <Description>A demonstration of the major properties of the CandlestickChart control and UI to change them interactively.</Description>
                <Image>Resources/Images/Charting/candlestick_chart.png</Image>
                <Process os="windows">../samples/CandlestickChart/run.bat</Process>
                <Process os="linux">../samples/CandlestickChart/run.sh</Process>
                <Process os="macos">../samples/CandlestickChart/run.command</Process>
                <Sources>
                    <Source language="Java">../samples.intellij/CandlestickChart/</Source>
                </Sources>
            </Sample>
			<Sample>
                <Title>Custom Data Adapters</Title>
                <Description>The sample shows how to use a list of .NET objects as data for the chart by placing them in a custom series that implements the Series interface.</Description>
                <Image>Resources/Images/Charting/custom_data.png</Image>
                <Process os="windows">../samples/CustomData/run.bat</Process>
                <Process os="linux">../samples/CustomData/run.sh</Process>
                <Process os="macos">../samples/CustomData/run.command</Process>
                <Sources>
                    <Source language="Java">../samples.intellij/CustomData/</Source>
                </Sources>
            </Sample>
            <Sample>
                <Title>Dashboard</Title>
                <Description>A demonstration of the Dashboard control and other controls and layouts that can be used to build a custom dashboard: text, plot, gauge etc.</Description>
                <Image>Resources/Images/Charting/dashboard.png</Image>
                <Process os="windows">../samples/Dashboard/run.bat</Process>
                <Process os="linux">../samples/Dashboard/run.sh</Process>
                <Process os="macos">../samples/Dashboard/run.command</Process>
                <Sources>
                    <Source language="Java">../samples.intellij/Dashboard/</Source>
                </Sources>
            </Sample>
            <Sample>
                <Title>Funnel Chart</Title>
                <Description>A demonstration of the FunnelChart control with its major properties and UI controls that let you customize them.</Description>
                <Image>Resources/Images/Charting/funnel_chart.png</Image>
                <Process os="windows">../samples/FunnelChart/run.bat</Process>
                <Process os="linux">../samples/FunnelChart/run.sh</Process>
                <Process os="macos">../samples/FunnelChart/run.command</Process>
                <Sources>
                    <Source language="Java">../samples.intellij/FunnelChart/</Source>
                </Sources>
            </Sample>
            <Sample>
                <Title>Group Labels</Title>
                <Description>The sample demonstrates how to use the AnnotationReader class to display labels on bar groups.</Description>
                <Image>Resources/Images/Charting/group_labels.png</Image>
                <Process os="windows">../samples/GroupLabels/run.bat</Process>
                <Process os="linux">../samples/GroupLabels/run.sh</Process>
                <Process os="macos">../samples/GroupLabels/run.command</Process>
                <Sources>
                    <Source language="Java">../samples.intellij/GroupLabels/</Source>
                </Sources>
            </Sample>
            <Sample>
                <Title>Interactivity</Title>
                <Description>Use mouse click and drag to pan the bar and pie chart. Drag while holding CTRL to zoom. Move the legend with the mouse.</Description>
                <Image>Resources/Images/Charting/interactivity.png</Image>
                <Process os="windows">../samples/Interactivity/run.bat</Process>
                <Process os="linux">../samples/Interactivity/run.sh</Process>
                <Process os="macos">../samples/Interactivity/run.command</Process>
                <Sources>
                    <Source language="Java">../samples.intellij/Interactivity/</Source>
                </Sources>
            </Sample>
            <Sample>
                <Title>Line Chart</Title>
                <Description>A demonstration of the most important properties of the LineChart control with possibility to change them interactively.</Description>
                <Image>Resources/Images/Charting/line_chart.png</Image>
                <Process os="windows">../samples/LineChart/run.bat</Process>
                <Process os="linux">../samples/LineChart/run.sh</Process>
                <Process os="macos">../samples/LineChart/run.command</Process>
                <Sources>
                    <Source language="Java">../samples.intellij/LineChart/</Source>
                </Sources>
            </Sample>
			<Sample>
                <Title>Min App</Title>
                <Description>This example demonstrates the minimal setup that lets you display a Chart component in a Java Swing application.</Description>
                <Image>Resources/Images/Charting/min_app.png</Image>
                <Process os="windows">../samples/MinApp/run.bat</Process>
                <Process os="linux">../samples/MinApp/run.sh</Process>
                <Process os="macos">../samples/MinApp/run.command</Process>
                <Sources>
                    <Source language="Java">../samples.intellij/MinApp/</Source>
                </Sources>
            </Sample>
            <Sample>
                <Title>Multiple Axes</Title>
                <Description>The sample shows how to display ultiple Y and Y2 axes as well a bar and a line series in a single chart.</Description>
                <Image>Resources/Images/Charting/multiple_axes.png</Image>
                <Process os="windows">../samples/MultipleAxes/run.bat</Process>
                <Process os="linux">../samples/MultipleAxes/run.sh</Process>
                <Process os="macos">../samples/MultipleAxes/run.command</Process>
                <Sources>
                    <Source language="Java">../samples.intellij/MultipleAxes/</Source>
                </Sources>
            </Sample>
            <Sample>
                <Title>Radar Chart</Title>
                <Description>A deonstration of the RadarChart control with its major settings and UI controls that let you change them interactively.</Description>
                <Image>Resources/Images/Charting/radar_chart.png</Image>
                <Process os="windows">../samples/RadarChart/run.bat</Process>
                <Process os="linux">../samples/RadarChart/run.sh</Process>
                <Process os="macos">../samples/RadarChart/run.command</Process>
                <Sources>
                    <Source language="Java">../samples.intellij/RadarChart/</Source>
                </Sources>
            </Sample>
            <Sample>
                <Title>Scripted Series</Title>
                <Description>The sample demonstrates the FunctionSeries and how you can use it to render the graph of an arbitrary function.</Description>
                <Image>Resources/Images/Charting/scripted_series.png</Image>
                <Process os="windows">../samples/ScriptedSeries/run.bat</Process>
                <Process os="linux">../samples/ScriptedSeries/run.sh</Process>
                <Process os="macos">../samples/ScriptedSeries/run.command</Process>
                <Sources>
                    <Source language="Java">../samples.intellij/ScriptedSeries/</Source>
                </Sources>
            </Sample>
			<Sample>
                <Title>Stacked Bar Chart</Title>
                <Description>A horizontal stacked bar chart, which is built from a dashboard that contains the chart elements: two axes, plot, bar renderer, title.</Description>
                <Image>Resources/Images/Charting/stacked_bar_chart.png</Image>
                <Process os="windows">../samples/StackedBarChart/run.bat</Process>
                <Process os="linux">../samples/StackedBarChart/run.sh</Process>
                <Process os="macos">../samples/StackedBarChart/run.command</Process>
                <Sources>
                    <Source language="Java">../samples.intellij/StackedBarChart/</Source>
                </Sources>
            </Sample>
            <Sample>
                <Title>Tower Chart</Title>
                <Description>The sample demonstrates the TowerChart control and its major settings presented by UI controls.</Description>
                <Image>Resources/Images/Charting/tower_chart.png</Image>
                <Process os="windows">../samples/TowerChart/run.bat</Process>
                <Process os="linux">../samples/TowerChart/run.sh</Process>
                <Process os="macos">../samples/TowerChart/run.command</Process>
                <Sources>
                    <Source language="Java">../samples.intellij/TowerChart/</Source>
                </Sources>
            </Sample>
        </Samples>
        <Tutorials>
		 <Sample>
                <Title>Tutorial 1</Title>
                <Description>This tutorial demonstrates how to load data into a chart.</Description>
                <Image>Resources/Images/Charting/tutorial1.png</Image>
                <Process os="windows">../samples/Tutorial1/run.bat</Process>
                <Process os="linux">../samples/Tutorial1/run.sh</Process>
                <Process os="macos">../samples/Tutorial1/run.command</Process>
                <Sources>
                    <Source language="Java">../samples.intellij/Tutorial1/</Source>
                </Sources>
            </Sample>
			 <Sample>
                <Title>Tutorial 2</Title>
                <Description>The tutorial demonstrates how to feed custom data to a chart by implementing the Series interface, instead of copying data to built-in series classes.</Description>
                <Image>Resources/Images/Charting/tutorial2.png</Image>
                <Process os="windows">../samples/Tutorial2/run.bat</Process>
                <Process os="linux">../samples/Tutorial2/run.sh</Process>
                <Process os="macos">../samples/Tutorial2/run.command</Process>
                <Sources>
                    <Source language="Java">../samples.intellij/Tutorial2/</Source>
                </Sources>
            </Sample>
			 <Sample>
                <Title>Tutorial 3</Title>
                <Description>This tutorial demonstrates how to add different types of chart graphics to the plot.</Description>
                <Image>Resources/Images/Charting/tutorial3.png</Image>
                <Process os="windows">../samples/Tutorial3/run.bat</Process>
                <Process os="linux">../samples/Tutorial3/run.sh</Process>
                <Process os="macos">../samples/Tutorial3/run.command</Process>
                <Sources>
                    <Source language="Java">../samples.intellij/Tutorial3/</Source>
                </Sources>
            </Sample>
			 <Sample>
                <Title>Tutorial 4</Title>
                <Description>The tutorial teaches you how to build a dashboard containing multiple plots, axes and chart graphics types.</Description>
                <Image>Resources/Images/Charting/tutorial4.png</Image>
                <Process os="windows">../samples/Tutorial4/run.bat</Process>
                <Process os="linux">../samples/Tutorial4/run.sh</Process>
                <Process os="macos">../samples/Tutorial4/run.command</Process>
                <Sources>
                    <Source language="Java">../samples.intellij/Tutorial4/</Source>
                </Sources>
            </Sample>
        </Tutorials>
        <Documentation>https://www.mindfusion.eu/onlinehelp/chart.java/index.htm</Documentation>
        <Web>https://mindfusion.eu/java-chart.html</Web>
    </Category>
    <Category>
        <Name>Gauges</Name>
        <Samples>
            <Sample>
                <Title>Car Gauges</Title>
                <Description>The sample demonstrates a set of Oval gauge controls styled with custom templates in order to achieve the look of a car dashboard.</Description>
                <Image>Resources/Images/Gauges/car_gauges.png</Image>
                <Process os="windows">../samples/CarGauges/run.bat</Process>
                <Process os="linux">../samples/CarGauges/run.sh</Process>
                <Process os="macos">../samples/CarGauges/run.command</Process>
                <Sources>
                    <Source language="Java">../samples.intellij/CarGauges/</Source>
                </Sources>
            </Sample>
            <Sample>
                <Title>Clock</Title>
                <Description>A clock control implemented through the Oval gauge. The clock has custom appearance and gets its time from the system.</Description>
                <Image>Resources/Images/Gauges/clock.png</Image>
                <Process os="windows">../samples/Clock/run.bat</Process>
                <Process os="linux">../samples/Clock/run.sh</Process>
                <Process os="macos">../samples/Clock/run.command</Process>
                <Sources>
                    <Source language="Java">../samples.intellij/Clock/</Source>
                </Sources>
            </Sample>
            <Sample>
                <Title>Functions</Title>
                <Description>Different distribution of values along an oval scale: linear and logarithmic built-in functions and a custom quadratic function.</Description>
                <Image>Resources/Images/Gauges/functions.png</Image>
                <Process os="windows">../samples/Functions/run.bat</Process>
                <Process os="linux">../samples/Functions/run.sh</Process>
                <Process os="macos">../samples/Functions/run.command</Process>
                <Sources>
                    <Source language="Java">../samples.intellij/Functions/</Source>
                </Sources>
            </Sample>
            <Sample>
                <Title>Resource Monitor</Title>
                <Description>The sample demonstrats the use of oval gauges in an application that monitors PC resources: memory and CPU time.</Description>
                <Image>Resources/Images/Gauges/resource_monitor.png</Image>
                <Process os="windows">../samples/ResourceMonitor/run.bat</Process>
                <Process os="linux">../samples/ResourceMonitor/run.sh</Process>
                <Process os="macos">../samples/ResourceMonitor/run.command</Process>
                <Sources>
                    <Source language="Java">../samples.intellij/ResourceMonitor/</Source>
                </Sources>
            </Sample>
        </Samples>
        <Tutorials>
        </Tutorials>
        <Documentation>https://www.mindfusion.eu/onlinehelp/chart.java/index.htm</Documentation>
        <Web>https://mindfusion.eu/java-chart.html</Web>
    </Category>
</Categories>